{
  "train_loss": 0.5510686039924622,
  "train_accuracy": 0.7234042286872864,
  "train_auc": 0.7991368174552917,
  "val_loss": 0.6336854100227356,
  "val_accuracy": 0.7127659320831299,
  "val_auc": 0.6219114065170288,
  "epochs_trained": 10,
  "timestamp": "2025-10-11T10:11:09.827727"
}