{"total_trades":134,"wins":40,"losses":94,"win_rate":29.9,"total_pnl":-373.47,"avg_win":5.46,"avg_loss":-6.29,"avg_hold_seconds":161.4,"best_trade":28.27500000000004,"worst_trade":-61.36999999999998,"profit_factor":0.37}