{
  "accuracy": 0.7,
  "training_date": "2025-10-29T20:57:47.145343",
  "feature_names": [
    "Capital Gains",
    "sma_10",
    "sma_20",
    "sma_50",
    "ema_12",
    "ema_26",
    "macd",
    "macd_signal",
    "macd_diff",
    "adx",
    "adx_pos",
    "adx_neg",
    "rsi",
    "rsi_fast",
    "roc",
    "roc_fast",
    "stoch_k",
    "stoch_d",
    "bb_high",
    "bb_low",
    "bb_width",
    "atr",
    "vwap",
    "obv",
    "mfi",
    "momentum_1",
    "momentum_3",
    "momentum_5",
    "volatility_10",
    "volatility_20",
    "volume_ratio",
    "price_to_sma20",
    "price_to_sma50",
    "price_to_vwap",
    "sma_cross_10_20",
    "ema_cross"
  ],
  "feature_importance": {
    "Capital Gains": 0.0,
    "sma_10": 196.63229942321777,
    "sma_20": 172.640962600708,
    "sma_50": 60.815709590911865,
    "ema_12": 84.12436175346375,
    "ema_26": 64.36854004859924,
    "macd": 24.2007999420166,
    "macd_signal": 60.45237946510315,
    "macd_diff": 85.4257504940033,
    "adx": 200.61970973014832,
    "adx_pos": 65.30827021598816,
    "adx_neg": 137.7284832149744,
    "rsi": 41.34280014038086,
    "rsi_fast": 49.905930042266846,
    "roc": 107.53720951080322,
    "roc_fast": 23.084830284118652,
    "stoch_k": 10.970240116119385,
    "stoch_d": 34.3205668926239,
    "bb_high": 76.10833024978638,
    "bb_low": 113.14702677726746,
    "bb_width": 159.6222505569458,
    "atr": 80.02617931365967,
    "vwap": 77.26427984237671,
    "obv": 18.48062625527382,
    "mfi": 133.66384249925613,
    "momentum_1": 63.51435947418213,
    "momentum_3": 37.44952964782715,
    "momentum_5": 71.80733060836792,
    "volatility_10": 122.87203979492188,
    "volatility_20": 205.59190225601196,
    "volume_ratio": 202.27796077728271,
    "price_to_sma20": 216.67051076889038,
    "price_to_sma50": 89.4797911643982,
    "price_to_vwap": 384.113504845649,
    "sma_cross_10_20": 0.0,
    "ema_cross": 0.0
  }
}